sepall,sepalw,petall,petalw,class
0.8037727730153805,0.5516087657948691,0.2206435063179476,0.0315205009025639,Iris-setosa
0.7670110293065677,0.3506336133972881,0.5149931196772669,0.1534022058613135,Iris-versicolor
0.6538774709871312,0.3425072467075449,0.6227404485591725,0.2594751868996552,Iris-virginica
